Feature Category,Feature Name,Description,Implementation Priority,Complexity
Community Engagement,Group Reading Challenges,Users create and join reading groups with shared goals and timelines,High,Medium
Community Engagement,Discussion Forums,"Threaded discussions for book chapters, themes, and general reading topics",High,Low
Community Engagement,Peer Reviews & Ratings,Community-driven rating system with detailed feedback mechanisms,Medium,Medium
Community Engagement,Community Events,"Virtual book clubs, author Q&As, reading marathons, and themed challenges",Medium,High
Gamification,Reader Personas (Animals/Planets),Unlockable character avatars that evolve based on reading preferences and engagement,High,High
Gamification,Badge System,"Tiered badge system (Bronze, Silver, Gold, Platinum) with category-specific achievements",High,Medium
Gamification,Progress Tracking,"Comprehensive tracking of reading time, books completed, streaks, and goals",High,Medium
Gamification,Achievement Unlocks,Progressive feature unlocks based on community participation and milestones,Medium,Medium
Gamification,Leaderboards,Community and individual leaderboards for various reading metrics,Low,Low
Personalization,Custom Visual Themes,Customizable UI themes including dark/light modes and thematic designs,Medium,Medium
Personalization,Advanced Spread Layouts,"Enhanced reading layouts with different typography, spacing, and visual elements",Low,Medium
Personalization,Reading Recommendation Engine,AI-powered book suggestions based on reading history and community preferences,High,High
Personalization,Interpretive Reading Styles,"Different reading modes: analytical, creative, speed reading, deep reading",Low,Medium
Dashboard & Analytics,Personal Reading Dashboard,"Personalized dashboard showing reading progress, goals, and achievements",High,Medium
Dashboard & Analytics,Community Milestone Tracking,Community-wide progress tracking for group challenges and shared goals,Medium,Medium
Dashboard & Analytics,Reading Analytics,"Detailed insights into reading patterns, engagement, and community participation",Medium,High
Dashboard & Analytics,Saved Spreads Library,"Personal library of favorite book spreads, quotes, and reading moments",Low,Low
Technical Architecture,Microservices Architecture,"Scalable backend with separate services for user management, content, analytics",High,High
Technical Architecture,Real-time Data Processing,Event-driven architecture for real-time updates and notifications,Medium,High
Technical Architecture,Machine Learning Pipeline,"ML models for personalization, recommendation, and behavior analysis",Medium,High
Technical Architecture,Mobile & Web Apps,Cross-platform applications with synchronized data and offline capabilities,High,Medium
